Zaman damgası,Hoca seç,İsmin nasıl gözüksün,Hoca hakkındaki yorumun
,,,
22.12.2023 13:05:47,Dr. Göksel Biricik,Nakliyeci Sefer,"Dersi eğlenceli anlatmaya çalışır, yoklamaya çok takmaz, geç girenlere laf söylemez. Öğrencileri bırakmamaya çalışır ."
22.12.2023 13:07:06,Dr. Erkan Uslu,Nakliyeci Sefer,"Çok bilgilidir, derse karşı sorumludur. İyi anlatmaya çalışır, ödevleri, dersleri ve sınavları genelde zorlayıcıdır. Bölümün en kaliteli hocalarından biridir."
22.12.2023 13:49:31,Prof. Dr. Banu Diri,astro,"Hoca işin mantığını anlatma derdinde, güncel teknolojileri yakalamak imkansız zaten ama tüm derslerinde o konunun nasıl bu aşamaya kadar geldiğini, problemin kaynağı ve çözüm metodolojilerini kavramanı istiyor ve çok güzel anlatıyor. Zaten özellikle üzerinde durduğu kavramanı istediği konuyu da sınavda soruyor. Bölüm boyunca en keyif aldığım hocalardan biriydi."
22.12.2023 13:51:21,Prof. Dr. M. Fatih Amasyalı,astro,Algoritma YZ yi çok kavratıyor. Bir problemi en optimum şekilde nasıl çözeriz. Aşama aşama önce en kötü çözümden sonrasında en iyiye nasıl ulaşırızı güzel kavratıyor. Sınavları da ona göre zorlukta. Ama iş hayatında da bir geliştirme yaparken önce en kötüsünden çözüyor sonrasında tecrübe kazandıkça daha iyi çözümlere yol alıyorsunuz. İşte bunun nasıl geliştiğini anlatan hoca. tavsiye ederim
22.12.2023 13:52:42,Dr. Göksel Biricik,astro,"dersleri eğlenceli, öğrenciyle muhabbeti seven bir hoca. Konusu da basitçe anlatıp geçiyor. Aynı dersi veren diğer hocalara göre bir tık az öğrenebilirsiniz ama yeterli bilgiyi alırsınız. Çok sevimli bir hoca"
22.12.2023 13:53:31,Doç. Dr. Gökhan Bilgin,astro,"derslerine gecikmeyin, soru sormaktan çekinmeyin, direk derste ne anlatıyorsa o çıkar, fazlasını bilmene gerek kalmaz. Bu adamın derslerinde geçmiş yılların sorularını bulan geçer."
22.12.2023 13:57:50,Dr. Erkan Uslu,astro,"okulun en zeki hocalarından biri, bence MFA ile kapışır :D donanım anlamında çok bilgili, bazen dili düşüncesine yetişemez havaya bakarak konuşur. Ama çok hızlı konuşuyor ve cümle kurarken o kadar hassas olduğunu görüyorsunuz ki hatalı cümle kurmamaya çok çalışıyor. Konusunda her türlü soruya cevap verir kafanda soru işareti bırakmaz. Sınavlarında hep zeka ölçer sorular sorar. Yani konuyu anlayıp kavraman yetmez bir de çözmen gereken bir zeka sorusu vardır. Pratik düşünemezsen o soruyu çözemezsin. Ama öğrenmekten ve öğretmekten zevk alan bir hoca."
22.12.2023 14:05:15,Dr. Yunus Emre Selçuk,astro,"aslında alanında (yazılım mühendisliği, OOP) çok bilgili bir hoca, ama muhtelemen ailevi problemlerinden dolayı derse ilgisi bir hayli düşük. Bu da öğrenciyi olumsuz etkiliyor. Şeker gibi tatlı ama çok fazla göremeyeceğiniz biri. Kendini geliştirmek isteyenlerin değil dersi geçeyim de nolursa olsun diyenler için..."
22.12.2023 14:18:07,Doç. Dr. M. Amaç Güvensan,astro,BBG ve Algoritma için çok iyi anlatan bir hoca. Ama anlattığını da görmek istiyor. Malumunuz algoritma problemleri biraz kafa yormak ve o bakış açısını kazanmakla ilgili bunun için de aynı konuyu 3-4 kere dinlemeniz üzerine kafa yormanız gerekli. Ama hoca bunu tek defada anlatınca kavrandığını düşünerek aynı soruyu ikinci kez sorduğunda cevap verilmesini bekleyen bir tip. Bu konuda da öğrenciye çok üst perdeden yaklaşıyor. Egonuz ezilebilir dikkat !!!
23.12.2023 00:37:38,Dr. Ahmet Elbir,violancello,"Açık ara bölümde en sevilen hoca. Dersi çok iyi anlatır, sınavları hızlı okur, öğrencilere her konuda yardımcı olur. Mümkün olduğunca çok dersi kendisinden alın. Tamamen Ahmet Elbir hocamızın çabası sayesinde bölümün müfredatı güncellendi çok daha iyi oldu. Bazen sinirlenir ama sinirlendiği her konuda haklı olduğunu düşünüyorum."
25.12.2023 21:20:06,Prof. Dr. Banu Diri,Tehlikeli Pinokyo,"Düsunceli, anlayisli ve iyi niyetli. Bölümü sevdiren hocalardan birisidir."
25.12.2023 21:22:23,Prof. Dr. M. Elif Karslıgil,Tehlikeli Pinokyo ,iyi bir insan olabilir ama Elif hocadan ders almamayi tercih ederim.
25.12.2023 21:23:59,Prof. Dr. M. Fatih Amasyalı,Tehlikeli Pinokyo ,"Dunya umrunda degil, bilgili ve donanimli hocalardan, kimseyle polemige girmez dersi gecmeyi hakediyorsan gecersin."
25.12.2023 21:25:32,Prof. Dr. Oya Kalıpsız,Tehlikeli Pinokyo ,"Verdigi dersler bölüm icin onemli ama gereksiz fazla kredi, tek kredilik dersler, kolaylikla gecersiniz."
25.12.2023 21:27:21,Doç. Dr. Gökhan Bilgin,Tehlikeli Pinokyo ,"Secmeli derslerini gecmeyeni döverler, bi defasinda test seklindeki sinavda dogru cevaplari isaretlemisti, yazici hatasi isteyen isaretlesin demisti :) "
25.12.2023 21:28:54,Dr. Ahmet Elbir,Tehlikeli Pinokyo ,Bölümdeki en ilkeli hoca diyebilirim. En cok elini tasin altina koyan insan. Cabalayani bir sekilde geciriyor.
05.01.2024 19:38:24,Doç. Dr. Hamza Osman İlhan,Nanadaime,Güzel hocadır severim kendisini ama bazen ders esnasında dikkati kaybolana kızabiliyor. Telefonda ders ile alakalı bir şeyler baksan bile gözü seni kesebilir. Her an kızabilir dikkat et.
10.01.2024 00:11:43,Prof. Dr. Banu Diri,MadMax,"Çok tatlı ve iyi niyetli bir hocamız. Ama sınavları okurken gidişattan puan alırım beklentisine sakın girmeyin. Sonuç doğruysa tam puan alırsınız, tüm işlem aşamaları doğruysa bile sonuç yanlışsa puan almanız çok zor."
10.01.2024 00:12:52,Prof. Dr. M. Fatih Amasyalı,MadMax,Ders anlatımı çok iyi. Somutlamaları ve interaktif anlatım yöntemleri sayesinde dersi kesinlikle çok iyi anlayacaksınız.
10.01.2024 00:13:59,Doç. Dr. Gökhan Bilgin,MadMax,Dersi olabildiğince kompakt anlatır ve anlatmadığı en ufak bir şeyi de sınavda sormaz. Dersine girip biraz da çalışırsanız gayet yüksek puan alabilirsiniz derslerinden.
10.01.2024 00:14:58,Dr. Göksel Biricik,MadMax,"Dersi çok iyi anlatır. Sorduğunuz soruyu da elinden geldiğince, sorunun saçma olup olmadığına bakmadan cevaplar. Şiddetle tavsiye edilir."
10.01.2024 00:16:50,Doç. Dr. Ali Can Karaca,MadMax,Ders anlatım ve diğer süreçlerde olabildiğince öğrencilerin faydasını gözetir. Ders anlatımı biraz monoton olsa da sorduğunuz tüm soruları elinden geldiğince cevaplar.
10.01.2024 19:44:33,Dr. Furkan Çakmak,Ufouser,Dersin teorik kısımlarını uygulamarda gösterdiği için çokça uygulama yapar bu yüzden daha iyi öğrettiğini düşünüyorum 
10.01.2024 20:20:01,Doç. Dr. Hamza Osman İlhan,Ufouser,Donanım derslerine girer ders anlatışı diksiyonu gayet iyidir 
12.01.2024 12:45:07,Dr. Yunus Emre Selçuk,Ufouser,Dersi standart bir şekilde anlatır yoklama almaz sınavda bol puan verir ama sınavı hazırlamadığı için anlatmadığı şeyler çıkar büyük ihtimalle diger hocanın soyledikle çıkar sınavda 
22.01.2024 17:01:22,Doç. Dr. Gökhan Bilgin,violancello,"Derste sakız çiğnenmesi gibi önemsiz detaylara takılıyor, 30 hoca için sorun olmayan durum niye onun için sorun oluyor anlamıyorum açıkçası. Bunun dışında dersleri gayet güzel anlatıyor."
22.01.2024 17:09:32,Prof. Dr. M. Fatih Amasyalı,violancello,"Bilim aşkıyla yanıp tutuşan mükemmel bir hoca. Yapay zeka başta olmak üzere verdiği derslerde işin bilimsel mantığını öğretir, sınavları da kalitelidir boş detaylara takılmaz öğrencilere işlem ameleliği yaptırmaz. Bazı hocalar öğrenciye hayatı zorlaştırmakla uğraştırken Fatih hocam 2024'ün ilk haftasında 3 makale yayınladı bile :)"
22.01.2024 17:20:23,Dr. Furkan Çakmak,violancello,"Dersleri güzel anlatan, anlattığı konuların gerçek hayat ve sektördeki uygulamaları hakkında bilgi veren, muhabbeti güzel bir hoca. Fakat harf notlarını çok yüksek tutuyor ve itiraz edince bazen sert tepkiler veriyor."
25.01.2024 10:17:39,Arş. Grv. Elif AŞICI,Traktör Reis,"Verdirilen dersler konusunda çok bilgi sahibi değildir. Bir keresinde mikro dersinde sınav ya da ödevin çözümünü anlatmaya çalışıyordu. Erkan Hoca'nın kodu üzerinden anlatırken kodun bir satırını yanlış yorumladı. Zaten kendinin de fazla bilgi sahibi olmadığı belliydi. Bir arkadaş, hocam o kodun sebebi sizin anlattığınız gibi değil demişti. Sonra hoca arkadaşın söylediğini anlayamayınca kalkıp kodun kalanını arkadaş anlatmıştı."
04.02.2024 17:30:33,Prof. Dr. M. Elif Karslıgil,Usmanaga,"Bazı sınavları bile kendisi hazırlamıyor sınav esnasında biz ona sorunca görüyor bizimle beraber kafa yoruyor. Başkasına hazırlatıyor neyse ama hiç bakmamış olması çok kötü. Her sınavında düzeltme yapılması gerekiyor. Bu niye diğer hocalarda olmuyor, niye Elif Hoca'nın her sınavında oluyor?

Sınav esnasında düzeltme yapınca her şey çözüldü sanıyorlar ama kimse bizim o yanlışlık yüzünden ne kadar süre harcadığımızı sormuyor ne gibi bir strateji ile sınavı çözdüğümüzü bilmiyor. 

Sınavları en geç okuyan hocalardan. 1.vizeyi finale 1 hafta kala açıklıyor. Bazen finali büt gecesi açıklıyor sabah bi bakıyorsunuz meğer o gün sınavınız varmış dün gece belli olmuş ve saati geçmiş. Sınav kağıdına itiraz ettirmiyor zaten isteseniz de edemezsiniz çünkü o okuyana kadar kağıdınızı unutmuş oluyorsunuz. Ama dersi iyi anlatıyor. Ha bu arada mail konusunda da çok iyi denemez ama çok kötü de değil. %50 ihtimalle ulaşıyorsunuz. Bence artık bir şey öğretmek gibi bir derdi yok. Ben ne seçmeli ne de zorunlu derslerden Elif Hoca'yı seçmenizi önermezdim. Ama zorunlu derslerde diğer seçenekler de pek iyi değil.

Hocayla alakalı bir sorunum gerçekten yok zaten mezunum. Burada kalan arkadaşlara tavsiye vermekten ziyade belki hoca bir gün görür bu yazdıklarımı da bu konularda iyileştirme yapma yoluna gider diye yazıyorum. Çünkü kimse okul boyunca fikirlerimizi sormadı. Tek derdim ilgili kişilerin bu söylediklerimi eleştiri olarak kabul edip en azından birkaç tanesinde iyileştirme yapması. Bunu ifade edebileceğimiz bir platform yok okulda. Ben mezun olduğum okulun daha iyi olmasını istiyorum. Adının iyi anılmasını istiyorum. Saygılarımla."
04.02.2024 17:35:42,Dr. Ahmet Elbir,Yıldızlı,Anlayış ve yardımseverlik konusunda diğer hocalara nispeten çok daha önde gelir. Öğrencilerle ders dışında da iletişim hususunda ilgilidir. Özellikle Ara ve Bitirme projelerini bu hocadan alırsanız iletişim ve sürecin ilerletilmesi konusunda kafanız daha rahat olacaktır. 
07.02.2024 15:46:29,Doç. Dr. Mehmet Sıddık Aktaş,Usmanaga,Asla ama asla ders almayın. Çok ilgisiz çok sorumsuz bir hocamız. Hala çıkmış soru paylaşacak mesela. Ders anlatımı hakkında bir şey demeyeceğim ama diğer konularda kesinlikle madur olursunuz. Kendisi bize çıkmış soruları paylaşacağını söyledi. Her hafta bir sonraki hafta paylaşacağını söyledi. Yok. Vizeye yok finale girdik hala yok. Mezun oldum hala yok. Derse gelmeyeceğini o sabah söylüyor zaten dersi sabahtan. Sınavları çok geç okuyor maillere dönmüyor. Ödevlere de çok iyi bakıyor denemez. Uzak durun derslerinden. İngilizcesi iyi onun hakkını vereyim.
07.02.2024 21:47:22,Doç. Dr. M. Amaç Güvensan,ufouser,ders anlatışı iyi ve ayrıntılıdır bu yüzden sınavları da iyi olur notu kıt verebilir 
09.02.2024 14:07:17,Dr. Yunus Emre Selçuk,Yıldızlı,Yunus Emre hocanın en öne çıkan özelliği güleç yüzlülüğü ve derslerdeki ilgi alakası. Dersteyken asla gerilme veya sıkılma olmuyor. Sorular sorulara gerçekten değer vererek cevaplamaya ve anladığınızdan emin olayı önemsiyor. İyi hoca.
10.02.2024 18:55:18,Dr. Ahmet Elbir,ufouser,ahmet elbir hocamız yoklamayı takan bir hocamızdır sınavları son derece ayrıntı içerir her soylediğine kulak verin her soylediğini sorar sınavlarında elbet bir 30 puanlık zor bir soru olur  soruyu yavas yavas cozun yanlıs yerden itibaren çözümu siler bi anda cok az bi puan alırsınız ders anlatımı normaldir
10.02.2024 18:58:21,Prof. Dr. M. Fatih Amasyalı,ufouser,ders anlatımı iyidir.Sınıavları standarttır çalısan yuksek not alabilir ama çalışmayana derse girmeyene zordur.samimi ve cana yakın bir hocadır.yoklamayı cok takmaz.
11.02.2024 19:11:29,Prof. Dr. M. Fatih Amasyalı,buraya isim mi yazılıyor,Diğer yıldız mezunu tayfada olduğu gibi kaliteli bir hocamız. derste kod yazmama gibi bir huyu olsa da teorik olarak ucurur(yapay zeka dersi özellikle kafa acıcı). Bilgisayar ve bitirme projeleri için projeden bağımsız tercih edilebilir cünkü çok anlayışlı birisi. Ders içeriklerini paylaştığı kendi sitesi var. Ödevleri ve sınavları belli bir sisteme oturtmuş işliyor.       
14.02.2024 11:05:09,Dr. M. Utku Kalay,Teradata,"Açıklaması için açıklama gerektiren bir hocadır. Konusu (veri tabanı) hakkında bilmediği yoktur. Rahat bir hocadır, yoklama aldığını görmedim. verdiği seçmeli dersler detay doludur, önermem."
14.02.2024 13:44:09,Arş. Grv. Kübra ADALI,Teradata,"Öğrenciyi terslemeyi seven, pek sempatik olmayan bir eğitim görevlisidir. Bazı seçmeli derslere ACK yerine girdiği olur, dikkatli seçim yapın."
16.02.2024 10:24:52,Arş. Grv. Kübra ADALI,Traktör Reis,"En sevilmeyen araştırma görevlisi, yavaş yavaş derslere girmeye başladı. Yakında öğretim üyesi olur. Gayet sıkıcı anlatır aynı zamanda öğrenciye garezi vardır. Bir defasında akşam arkadaşlarla bölümün içinde çekirge öldürmeye çalışırken bizi, başka bölümden sanarak, binadan kovmaya çalışmıştı.  "
16.02.2024 10:52:31,Arş. Grv. İdris DEMİR,Traktör Reis,"Kral hoca, dersleri dünya umrunda değilmiş gibi anlatır. Ödev/Proje kontrollerinde biraz titiz davranır. Öğrencinin mağdur edildiğini görürse ve kendisi bunu bir nebze olsun giderebilecekse insiyatif alır. Bir defasında **Nesneye Yönelik Programlama** labında süre az (gerçekten az) dediğimizde 1 saat ek süre vermişti."
16.02.2024 17:58:03,Prof. Dr. Songül Varlı,Gariban,"Söngül hocadan Bilgisayar Donanımı (Bilgisayar Organizasyonu) ve bitirme aldım. Bilgisayar donanımı dersi sevkliyidi ve hoca güzel anlatıyordu. Online olduğu için sınavlar hakkında pek bir şey diyemem ama sınavlar zor değildi. 

Bitirmeye gelince, bu sebeplerden dolayı bu hocadan proje hiç alınmaz: 
1- Proje veri gerektiriyordu ve veriyi bir organizasiyondan talep etmek için bize bir link vermişti ama bu orginizasyon ancak 5 hafta sonra veriyi verdi. Bu esnada veri hocanın eilinde olmasına rağmen bize vermek istemedi ve böylece projemiz 5 hafta geç kaldı. 
2- Hoca ile iletişim kurmak çok zordu. Maillere geç cevap veriyor ve projenin son 3 haftasında defalarca mail göndermemize rağmen bize dönmüyordu.
3- Hoca, sunumdan 24 saat önce beklenmedik bir istekte bulundu (istediğini sabaha kadar uyumayark sunuma ekleyebildik :) ).
4- Projede istediğinden fazla model eğitmemize, sunumda çalışmamızı ""iyi ve çok kapsamlı"" olarak övdüğüne ve bize makale yazmamızı teklif etmesine rağmen projemize nispeten düşük bir not verdi.

Özetle, hocayla iletişim zor, hiç yardımcı değil, çok şey ister, not vermz."
17.02.2024 14:35:42,Prof. Dr. Banu Diri,DD,"İyi hiş bir hoca, yardımcı, anlatımı biraz eksik kalır"
17.02.2024 14:37:25,Prof. Dr. Hasan Hüseyin Balık,DD,"Yoklamayı dikkat eden hoca, ingilizcede anlatıyor i, slaide okur geçer, sınavları kalsik ise soruya aklınıza ne geliyorsa yazın puan verir"
17.02.2024 14:39:21,Doç. Dr. M. Amaç Güvensan,DD,"İyi anlatıyor, her şeye hakkını verir, dikkat ediyor, anlatırken her şeyi kayıtedin"
17.02.2024 14:40:59,Dr. Furkan Çakmak,DD,"Havalı bir hoca, iyi anlatıyor, odevlerin tailmatları uygulamazsanız kalırsınız (odevin ismi bir boşluk için sıfı verdi)"
17.02.2024 15:05:45,Prof. Dr. Banu Diri,Blessed Camel,Bölümdeki en neşeli hocadır kendileri. Çoğu derste uykunuz gelirken banu hoca öğrenciyi çok iyi derste tutabilir. Bazen biraz fazla kaçırır ama ders anlatışı da fena değildir. Not konusunda da ortalama sayılır.
17.02.2024 15:07:20,Prof. Dr. M. Fatih Amasyalı,Blessed Camel,Aşırı zeki bir adam hatta o kadar zeki ki dersi kendi seviyesinde anlattığından hiç bir şey anlayamıyorsunuz. Fazla insan da sevmez ama genel olarak iyi birisidir
17.02.2024 15:21:11,Doç. Dr. Gökhan Bilgin,Blessed Camel,Disiplin abidesi. Sınavları genelde ortalama oluyor çok not da kırmıyor ama dönem boyunca insanı çok yoruyor. Devamsızlık en fazla önem gösterdiği şeydir
17.02.2024 15:23:23,Dr. Ahmet Elbir,Blessed Camel,Okuldaki en çalışkan en disiplinli hocadır öyle ki ahmet hoca olmasa bölüm kepenk kapatır tam bir joker gibi adam. Ama bir o kadar da öğrenciyi yorar kazık gibi sınav yapar sabrederseniz seversiniz. Yoklamayı takmaz
17.02.2024 15:25:52,Dr. Furkan Çakmak,Blessed Camel,Anlatış biçimi olarak çok abartılan ve bence abartıldığı kadar da iyi olmayan bi hoca. Ama öğrencilere aşırı yakındır adam gibi adamdır kendileri. Derste de sektörle ilgili genel kültür bilgileri verir hikayeler anlatır genel olarak faydalı geçer. 
17.02.2024 15:27:53,Dr. H. İrem Türkmen,Blessed Camel,Hocam tahtaya yazmasanız çok daha iyi olacak aslında. Eğer modunda olduğu bir günde ise 10 numara ders işler hem eğlenceli hem bilgili ama bazen gelip robot gibi anlatıp çıkıyor genel olarak iyi insan ve iyi hocadır
17.02.2024 15:29:30,Dr. Oğuz Altun,Blessed Camel,Dümenden ünide hocalık yapıyor devamsızlık alınsa önce kendi dersten kalır. Ama eyvallah sınavlarında minimum 2-3 hatalı soru çıkar bedavadan puan gelir. Dersleri de ingilizce anlatır :d
17.02.2024 15:31:03,Arş. Grv. Burak Ahmet ÖZDEN,Blessed Camel,Ya hocam siz adam gibi adamsınız. Lab hocamızdı ve o kadar yakın davranmıştı ki size keşke hocayla yakın arkadaş olabilsek. Çok da iyi anlatır
17.02.2024 15:32:50,Arş. Grv. Himmet Toprak KESGİN,Blessed Camel,Mütevazi ahlaklı çalışkan Allah iyi insanlarla karşılaştırsın bu argörler arasında parlıyor
17.02.2024 15:34:00,Arş. Grv. İdris DEMİR,Blessed Camel,Sınavlardan önce bi bizi soymadığı kalıyor ama iyi bir insan
17.02.2024 15:34:39,Arş. Grv. Hatice ERDİRİK,Blessed Camel,Çok rahat bir hoca ve bu sizi sinir eder dua edin işiniz düşmesin
17.02.2024 15:35:55,Arş. Grv. Sultan Sevgi TURGUT,Blessed Camel ,Öğrenciyle en iyi empati yapan hoca. Ne işiniz düştüyse gidin illaki yardımcı olur argörler arasında en iyilerinden
17.02.2024 22:07:54,Prof. Dr. Banu Diri,isimsiz,dersi çok eğlenceli anlatır ondan almayı tavsiye ederim 
17.02.2024 22:09:48,Prof. Dr. Hasan Hüseyin Balık,isimsiz ,😴
17.02.2024 22:13:25,Prof. Dr. M. Elif Karslıgil,isimsiz ,mükemmel anlatır fakat vize ve final notlarını açıklamayı çok geciktirir 
17.02.2024 22:14:43,Prof. Dr. M. Fatih Amasyalı,isimsiz ,The Best
17.02.2024 22:15:39,Prof. Dr. Nizamettin Aydın,isimsiz ,😴
17.02.2024 22:17:21,Prof. Dr. Oya Kalıpsız,isimsiz,iyi hoca fakat verdiği dersler biraz sıkıcı
18.02.2024 00:13:39,Doç. Dr. Ali Can Karaca,Gariban,Gömülü sistemler dersini aldım. Ders slytlari çok karmaşık ve bazen anlamsız. Sakin bir hoca ve güzel anlatıyor. Sınavlardaki sorular zor olabilir özellikle finalde ama anlattıkları konulardan ve gayet anlamlı sorular. Puanlaması adil olduğunu düşünüyorum ama bazı sorulara fazla puan veriyor olabilir. Genel olarak dersi güzel ve eğiticiydi.
18.02.2024 11:21:52,Arş. Grv. Burak Ahmet ÖZDEN,Traktör Reis,"Adam gibi adam, amacı öğretmek. Öğrenciyi saçma sapan işlerle zorlamak gibi bir derdi yok. Öğrenciye olabildiğince yardımcı oluyor. Notlandırması da güzel. Güler yüzlü, sizinle yakın iletişim kurmaya çalışıyor. Açık ara en iyi araştırma görevlisi. "
19.02.2024 16:05:48,Dr. Göksel Biricik,Anonim,Kendisinden bitirme ve ders aldım. Çok tatlı hoca. Sesi podcastlik. Bitirmede çok yardımcı oldu oneririm
20.02.2024 21:20:14,Prof. Dr. Banu Diri,Kolpa,Agresifliği ve espirili tavrı derse odağımı artırır her zaman
20.02.2024 21:20:59,Prof. Dr. M. Elif Karslıgil,Kolpa,Dersi öğretmek için ekstra çaba sarf etmesini ve öğrenip öğrenmememizi ciddiye almasını seviyorum. Böyle hoca pek yok üniversitelerde
20.02.2024 21:22:09,Doç. Dr. M. Amaç Güvensan,Kolpa,"Ben bu hocayı Elif hocanın erkek versiyonu olarak görüyorum. Neyse, işini seven, uğraş veren, karizmasıyla bizleri etkileyen iyi biridir. Bazı şeyleri gereksiz takıyor vibe'ı veriyor bazen ama olur o kadar"
20.02.2024 21:23:51,Dr. Ziya Cihan Tayşi,Kolpa,Anlıyorum. Dışarıda herhangi birine dayılanamayan biriyseniz ve üniversitede size öğrencileri ölçüp biçme yetkisi verildiyse bu yetkinizi kullanmak istersiniz. Ama bunun da bi sınırı olur be. Aşşağılık kompleksi bu kadar güçlü olmamalı. Acıyorum böylelerine
20.02.2024 21:27:37,Dr. Erkan Uslu,Kolpa,"Robotlar konusunda çok bilgilidir. Ne ironiktir de karakteri de robot gibidir. Hatta chat gpt falan Erkan hocamızın yanında daha insan kalır. En azından konuşması vs insanların üslubuna daha yakındır. Ya bu Erkan hocanın okul dışındaki halini merak ediyorum. Arkadaşlarıyla vs ne konuşuyor, ne yapıyor. İşlemciler dışında bir şeyden bahsederken hayal edemiyorum kendisini. Online derste deprem olunca hiçbir şey yokmuş gibi derse devam eden birisi sonuçta.
Ders anlatırken de hiç düşünmez buradakiler beni anlıyor mu diye. Yardırır kendine göre. Herkes kendi gibi robot ve anlatılanları direkt kaydediyor sanar. 
Aslında ders anlatışını sanki öğrenciler hali hazırda konuyu biliyorlar da tekrar etmeye gelmişler gibi yapar. Yepyeni bir konudan bahsediyorsa bile en temelini anlatmaz, direkt detay verir."
21.02.2024 23:31:54,Dr. H. İrem Türkmen,Teradata,"Öğrenciyi sever, ders anlatmayı sever, öğrencinin tavsiyesini ciddiye bile alır daha ne olsun. Dersini çalışarak hak ederek iyi notla geçersin. Yeni başladı, yakında robota bağlamaz umarım diğer çoğu hoca gibi. "
22.02.2024 11:37:38,Dr. Erkan Uslu,Ufouser,Erkan hocam çok bilgilidir eksiksiz bilgi verir bu yüzden bazen fazla bilgi de verebilir dersini hızlı anlatır bu yüzden dersi anlaması biraz zor olabilir sınavları standarttır robotik grubu vardır hocayla diyalog kurmak kolaydır iyi bir hocadır yoklama alır vizeler zamanında okur 
23.02.2024 11:01:12,Prof. Dr. Oya Kalıpsız,Prof. Dr.,"Dersleri biraz sıkıcı anlatır, notu da kağıda bakmadan devamsızlığa göre verir"
23.02.2024 11:01:50,Prof. Dr. M. Fatih Amasyalı,Prof. Dr.,Dersleri keyiflidir. Anlattığı konulara genel olarak hakim birisi.
10.03.2024 14:12:16,Dr. Erkan Uslu,8086,"Bölümün en değerli hocasıdır, Sizi insan yerine koyarak iletişim kurar. Çok gayretlidir, genelde zor dersleri verir."
18.03.2024 11:58:01,Dr. Ahmet Elbir,Joseph Fourier,Sinyaller ve sistemler finalini sınav esansında okumaya başlayan hocadır. Sınav okuması o kadar hızlı ki sınavdan çıkar çıkmaz öğrenciler arasında AEL sınavı açıkladı şakası yapılır.
18.03.2024 11:59:35,Prof. Dr. M. Fatih Amasyalı,Prolog,"Ders dinlemeye değil, podcast dinlemeye gelirdim. Çok eğlenceli anlatır, konusuna hakim. Öğrenciyi zorlamaz. "
18.03.2024 12:01:11,Doç. Dr. Gökhan Bilgin,Karnaugh haritası,"Dönemin ilk dersinde her zaman geç gelenleri almayacağını söyler, ilerde onları aşağılayarak alır. Sınıfa hakimdir, Dersini iyi anlatır. Anlattığını sorar."
18.03.2024 12:03:11,Dr. Furkan Çakmak,Kıymetli Arkadaşlar,"Derste sürekli kıymetli arkadaşlar, söz konusu gibi cümleler kullanır. Kurallara çok riayet eder, güzel anlatır. Bu bölümde kuralsızlık yapılacak son hocadır."
18.04.2024 11:09:46,Dr. Göksel Biricik,isimsiz,kendisi adamın dibidir
19.04.2024 21:04:28,Doç. Dr. Mehmet Sıddık Aktaş,Messi,Bölümün en iyi hocalarından biri
19.04.2024 21:24:37,Doç. Dr. Mehmet Sıddık Aktaş,Scientist ,"Bölümün en bilgili hocalarından biri. Dersleri gerçekten süper, bol bol bilgi verir ve gerçekten öğrenilecek çok şey sunar. Derslerini eğer biraz çaba gösterirseniz yüksek notlar alarak geçebilirsiniz. Sizi gereksiz ödevlerle boğmaz ya da saçma projelerle yormaz. Hocaya ulaşmak biraz zor olabilir çünkü genellikle yoğun oluyor, sabırlı olmanız lazım. Ayrıca İngilizceyi mükemmel bir şekilde konuşuyor, yani İngilizce derslerinde anlamakta zorlanmazsınız. Bölümdeki İngilizce derslerinde tercih edilebilecek tek hocadır."
19.04.2024 22:57:39,Dr. Ahmet Elbir,07,Bölümün Joker Hocası
19.04.2024 23:05:08,Doç. Dr. Gökhan Bilgin,b,"Dersi slayttan işliyor , bence çok monoton geçiyor . Derse geç kalanları almıyor o konuda katı. Ortalama genel olarak"
19.04.2024 23:07:32,Prof. Dr. Banu Diri,b,İyi hoca. Güzel sohbet ediyor arada.
22.04.2024 15:22:58,Doç. Dr. Gökhan Bilgin,Med,"Zaman konusunda biraz ciddi olsa bile çok anlayışlı, ders anlatımı bana iyi geldmedi tek derse çok şey anlatıyor, sınav kendisi hazırlıyorsa zorluyor cidden"
06.05.2024 16:09:53,Prof. Dr. Sırma Yavuz,booom,hocadan olasaılık dersi aldim ama 14 hafta boyunca sadece 3 derse girdi kalan dersleri ya asistan yada oğuz hocaya yönlendirdi  anlatımı güzel ama sınav kendisi hazırlamıyor ve sınav gününde bizim gibi şaşırdı :)
02.06.2024 22:36:28,Dr. Ayşe Öcal,Traktör Reis,Hoca çok heyecanlı. Notlandırması bence adil değil. Derste dikkat çekene düşük puan veriyor.
03.07.2024 14:33:48,Arş. Grv. Hatice ERDİRİK,Anonim 41at,Asistan olarak verdigi lablar zorlamıyor. Çıkmış sorularin benzerleri geliyor. Kendisi oldukça anlayışlı ve iyi bir hoca. anlattıklarından anlamadığınız vs konularında bireysel olarak da yardımcı oluyor. 
24.07.2024 09:46:21,Doç. Dr. Hamza Osman İlhan,Nakliyeci Sefer,Dersine geç gelir (gelirse şayet). 
07.09.2024 16:42:09,Dr. Ayşe Öcal,Arka bahçedeki fare,"İyi bir insana benziyor, ders anlatımı da gayet başarılı."
06.12.2024 23:04:15,Arş. Grv. Himmet Toprak KESGİN,ÜÇX,"ArGör'ler içinde bölüm mezunu olan bir tek Toprak hoca var sanırım, kendisi farkını belli ediyor. "
06.12.2024 23:06:04,Dr. Göksel Biricik,ÜÇX,"BBG dersi için en uygun hoca olduğunu düşünüyorum, insanın bilgisayar bilimleri iştahını kabartıyor. Keşke daha fazla ders anlatsa."
06.12.2024 23:07:49,Prof. Dr. M. Fatih Amasyalı,ÜÇX,Akademik olarak en fazla çabalayan ve alanını en fazla obsesyon haline getiren hocamız olabilir. Kendisi gibi birkaç tane daha akademisyen olsaydı bölümümüz kesinlikle daha iyi olurdu. 
06.12.2024 23:09:05,Prof. Dr. Banu Diri,ÜÇX,Kesinlikle çok sempatik ve oldukça anaç duran bir karakter. Ama sanki derslerde ufak tefek çok fazla hata yapıyor. Bunları törpülese çok daha iyi bir hoca olabilir. Akademik çıktı olarak da bölümümüzün bir numarası. <3 
20.12.2024 18:47:24,Doç. Dr. Ali Can Karaca,Kadir Hoca,"Dersini ortalama anlatır, Dümenden Yapay zeka projeleri verir, TÜBİTAK projeleriyle uğraşır."
07.01.2025 11:19:25,Doç. Dr. M. Amaç Güvensan,Sosyal Mesafe,2025 Yılında hala sosyal mesafeye dikkat eden hocamızdır.
26.01.2025 12:25:55,Dr. Furkan Çakmak,Boş,"Verdiği her dersi, öğrenciyi bırakmak için veren ve öğrettiği dersleri hızlı anlatarak geçiştirip hazırladığı sınavlarda öğrenciye geçiren, boş bir hoca. "
26.01.2025 12:28:05,Prof. Dr. Oya Kalıpsız,Boş,"Emekli olması gerekiyor, kendisini canlı dinlemek tam bir işkence saniye başına bir kelime kullanıyor ve her 3 kelimesinden sonra ""eeeee"" diyor. Allah aşkına dersine girip ses kaydı alın. "
26.01.2025 12:28:37,Doç. Dr. Gökhan Bilgin,Boş,"Asla maillere dönmüyor, kafasına göre harf notlandırması yapıyor. "
26.01.2025 12:28:44,Doç. Dr. M. Amaç Güvensan,Gözükmesin,Hocanın dersine sadece bir kere girdim ama Amaç hoca cidden baya iyi biri zaten bizim hocadan dersleri anlamadığım için onun online derslerini izliyordum başka kaynak yok çünkü çok iyi anlatıyor ve bilgili EN ÖNEMLİSİ ve ikinci EN ÖNEMLİ ŞEY öğrencilerin fikirlerini önemsediğini düşünüyorum 
26.01.2025 12:29:16,Doç. Dr. M. Amaç Güvensan,Anonim,Dersler gayet verimli bir sekilde islendi Amac hocanin ciddiyetle dersi anlatmasi ve ders esnasinda bizleri sorunlar hakkinda dusunmeye itmesi çok verimliydi.
26.01.2025 12:29:20,Dr. Ahmet Elbir,Kral,"Çok kral bir hoca, sadece dersleri slayttan anlatması kötü o kadar. Bölümün en karakterli hocası. "
26.01.2025 12:30:19,Dr. H. İrem Türkmen,Yok,Hocadan dersleri anlamıyorum sınavda da puan vermiyor en küçük şeyde kırıyor derste bazı konuların üstünde durmadığını düşünüyorum daha söylenecek çok şey var o yüzden burada kesiyorum 
26.01.2025 12:30:34,Arş. Grv. Kübra ADALI,Boş,"Aşırı kaba bir insan, öğrenciler ile nasıl konuşması gerektiğini bilmiyor, sanırım zamanında çok zorbalamışlar kendisini."
26.01.2025 12:32:00,Dr. M. Utku Kalay,Boş,"0 Bilgili, nasıl bu üniversitede ders veriyor anlamadığım bir insan. Özellike ara proje ve bitirme çalışmasında öğrencileri yorması ve bırakması ile biliniyor. "
26.01.2025 12:33:31,Doç. Dr. Mehmet Sıddık Aktaş,Kral 2,Ahmet elbirden sonra 2. kral sadece dersi slayttan ve bir tık kötü ingilizcesi ile anlatıp aynı cümleyi dolandırarak tekrarlaması dışında sorun yok. Sanırım kral hocaların ortak özelliği dersleri aşırı sıkıcı anlatması olabilir. 
26.01.2025 12:34:29,Prof. Dr. Banu Diri,Med,"Ders anlatımı fena değil, komik ve şakacı FAKAT sınav değerlendirmesi felaket, öğrencilere sınav kâğıtlarını göstermiyor (mantıklı görmüyor çünkü :("
26.01.2025 12:37:15,Doç. Dr. Hamza Osman İlhan,Med,"Dönemin yarısı yurtdışında, yoklama listesinden öğrencileri tahtaya kaldırıyor, harf aralıklarıyla oynuyor bazen, ama iyi bi hoca "
26.01.2025 12:38:05,Prof. Dr. M. Fatih Amasyalı,Med,Differential equations aldım gerçekten iyi bi hoca 
26.01.2025 12:39:07,Dr. Ayşe Öcal,Med,"Çok yardımcı hocalardan bi tanesi, Maillere ve öğrencilerin özel durumlarını riayet ediyor "
26.01.2025 12:40:28,Dr. Yunus Emre Selçuk,Med,"Hoca kişisel olarak mükemmel ve çok yardımcı, tek sıkıntısı notları 90cı dakikaya bırakıyor (mecazi değil ciddiyim)"
26.01.2025 12:41:46,Dr. H. İrem Türkmen,Med,"Amaç hoca kadar iyi anlatamıyor ama elinden geleni yapıyor, bazen sınavı değerlendirirken hata yapıyor "
26.01.2025 12:45:53,Arş. Grv. Burak Ahmet ÖZDEN,Anonim,En iyi araştırma görevlilerindendir. Belki de en iyisi zirvede benim icin 3 kisi var onlardan biri
26.01.2025 12:56:36,Prof. Dr. Banu Diri,Karalama ustası,sınav kağıdına boş işlemler yazmayın hoca puan vermiyor. Ayrıca bir hata bütün puanınızın gitmesine sebep olabilir.
26.01.2025 13:06:51,Doç. Dr. Mehmet Sıddık Aktaş,Jagftype,"Genel olarak iyi niyetli bir hoca. NYP’yi İngilizce anlatıyor, bazen tekrara düşebiliyor ama iyi anlattığını söyleyebilirim. Yoklama almıyor"
26.01.2025 13:19:10,Dr. Yunus Emre Selçuk,Jagftype,"Ders aldığım en kötü hoca, yoklama almıyor oluşu tek iyi yanı. Sınavları çok çok geç açıklar"
26.01.2025 13:20:43,Arş. Grv. Emre PARLAK,Jagftype,"On numara hoca, elektronik ve lojik lablarında hep yardımcı olmaya çalışıyor sağolsun"
26.01.2025 13:22:46,Arş. Grv. Ömer Mutlu Türk KAYA,Jagftype,"İyi niyetli bir yaklaşımı var, lablarda yardımcı olmaya çalışıyor. Lab öncesi açıklamaları bayağı yeterli oluyor labı yapmak için"
26.01.2025 13:24:30,Doç. Dr. Gökhan Bilgin,83 ile ilk kez BB alan adam,Çan eğrisi öyle olacaksa olmasın bence.
26.01.2025 13:27:24,Dr. Ayşe Öcal,öğrenci,Hocamız çok kibar. ama keşke dersi ingilizce anlatmasa.
26.01.2025 13:28:22,Dr. Ahmet Elbir,Ahmet elbir fanı,Hocamız zor soruyor.
26.01.2025 14:41:48,Dr. Erkan Uslu,Akümülator Yazmaç,"Assembly ve mikro dersini birleştirmek çok seyrek olmuş, bence bu 2 dersin yanına bir de organizasyon dersini de eklemeliler onu da anlatmalılar. Haftada 1 lab değil 3 lab yapalım toplam 10 ödev değil 20 ödev yapalım. Hiç zamanımız kalmasın. Anlatış olarak hocalar biliyor ancak anlatma konusunda…"
26.01.2025 14:46:40,Doç. Dr. M. Amaç Güvensan,topolojik sort,Tahtaya yazdığı notlar vs anlaşılır değil. çok sade çok kuru. anlamak için ekstradan araştırma yapmak gerek
26.01.2025 14:54:08,Prof. Dr. M. Elif Karslıgil,Floyd-Warshall Algoritması,Esferi safirin
26.01.2025 14:55:24,Dr. Erkan Uslu,Floyd-Warshall Algoritması,"Zor, anlayışlı, mert bir hocadır. Kendisinden aldığınız derslere hazırlıklı giderseniz her şeyi anlarsınız."
26.01.2025 15:00:01,Dr. Furkan Çakmak,Üniversitede 25 Ülke Gezen Adam,Mikroişlemci dersinde assembly kısmına muazzam hakimdir fakat mikro kısmını çok da iyi bilmemektedir. Kendisi iyi bir hoca olsa da çok üstten bakar. Mümkün mertebe eline düşmemekte fayda var.
26.01.2025 15:00:51,Doç. Dr. M. Amaç Güvensan,Floyd-Warshall Algoritması,Kendisi beni 30 dk aşağılama rekoru kırmıştır. Diyeceklerim bu kadardır.
26.01.2025 15:27:27,Dr. Ahmet Elbir,R3,"Derslerinde hocayı duymak istiyorsanız ön sıraya oturmalısınız arka kısma sesi çok gelmiyor , dersi bazen sıkıcı anlatabiliyor ama genel ders anlatımını seviyorum çok iyi hoca . "
26.01.2025 15:29:34,Prof. Dr. M. Fatih Amasyalı,R3,"Diferansiyeli mfa dan aldım , birazda dersin içeriğinden kaynaklı anlattığı bazı şeyler havada kalıyor , bilim aşkıyla yanıp tutuşan bir hoca ders haricinde hiçbir şey umrunda değil muhtemelen keşke bu tarz daha fazla hocamız olsa"
26.01.2025 15:34:46,Doç. Dr. Hamza Osman İlhan,R3,Ders anlatımını iyi  ( dönemin yarısında derse gelmiyor ) ama derste biri bir şeyi anlamayıp sorduğunda içinden “ Bunu mu anlamadın yavrum mal mısın “ diye  geçiriyor muhtemelen verdiği yanıtlar biraz küçük düşürücü oluyor . 
26.01.2025 15:38:47,Dr. Göksel Biricik,R3,Geçen yıl BBG yi G1 den almıştım ders anlatımı ve öğrenciyi derste tutma açısından bence çok iyi BBG adına mükemmel hocaydı bence
26.01.2025 15:42:22,Doç. Dr. Oğuz Altun,R3,"Olasılığı Oğuz hocadan aldım . İngilizcesi maalesef kötü , ilk 2 vizede sınıf ortalaması çok yüksekti  ve vizelerde 2-3 soruda aynı şık vardı  bazı kitapçıklarda fazladan soru vardı . Ne denir bilemiyorum , hocalığı dümenden yapıyor bari vizeleri hazırlarken  biraz özen göstersin "
26.01.2025 15:50:25,Prof. Dr. M. Elif Karslıgil,ifdöngüsü,"10 sene önce yazdığı ders notlarını örneklerine kadar birebir aynı şekilde tahtaya geçirir, öğrencilere “kırmızılı” gibi üzerindeki kıyafet rengine göre hitap eder, maillere dönmez, sınavları son gün açıklar, harf notunu düzgün yapmaz."
26.01.2025 15:52:17,Dr. Ahmet Elbir,ifdöngüsü,"İşinin hakkını verir, öğrenciyi mağdur etmemek için elinden geleni yapar, her konuda disiplinlidir, anlatımı da fena değil. Çoktan çok seçmeli gibi ilginç bir sınav formatı kullanır. Kral hocadır."
26.01.2025 16:40:10,Dr. Furkan Çakmak,bebek mavisi,"öğrencilerle içten ilgili bir hoca. finalin ortasında bile olsan gelip anlayana kadar tek tek anlatır her şeyi. diğer hocalar gibi tuhaf triplere girmiyor, öğrencilere öğrenmeye gelmiş insan muamelesi yapıyor. bir şey sana saçma gelsin hocam bu nasıl saçmalık diye sorun o kararın alınma tarihçesini anlatır size tatmin olursunuz. aşırı kuralcı, obsye yoklama giren çok nadir hocalardan. bir saatin fazla olsun direkt F0 ile kalırsınız. işini seviyor, öğrencileri seviyor, istediğiniz zaman kapısını çalıp girebilirsiniz, ikram kahve içebilirsiniz (randevu alma şartıyla tabi :)) "
26.01.2025 16:45:55,Arş. Grv. Kübra ADALI,Bir birey,Öğrencilerle nasıl iletişim kurmasını bilmiyen bir hoca. Saygısız ve çok fazla yersiz bağırıyor. 
26.01.2025 16:48:32,Doç. Dr. Hamza Osman İlhan,bebek mavisi,"rastgele öğrencilerin rastgele yorumlarına takılır, tuhaf kararlar alır. aldığı her karardan sonra şimdi ne gerek vardı dersin. dönemin başında dediğiyle sonunda olanla alakası olmaz. devre dersi alacaksanız gökhan hocadan almayı özen gösterin. en komik anı online derste öğrencilere sinirlenip dersi hızlı hızlı slaytları okuyup işte bu böyle diye anlatıp bitirmesi. "
26.01.2025 19:23:07,Doç. Dr. Hamza Osman İlhan,Sisifos,"Bölüm için asla yeterli değil, çıkmışlardan sorar, derslere kafasına göre gelmez, son gün vizenin ne oranda etkilediğini değiştirir, 2 ay vize okumaz,ai chatbot yerini kolayca doldurabilir diye düşünüyorum boş egosu da çekilmez en azından :d"
26.01.2025 19:34:00,Doç. Dr. Oğuz Altun,?????,"Her sınavında istisnasız 3-4 yanlış soru olur, bomboş olasılık dersinin her test sınavında istikrarla bu kadar yanlış soru sorabilmek büyük başarı, insanın yaptığı işe biraz saygısı olmalı bence."
28.01.2025 13:09:38,Dr. Göksel Biricik,Sien,"Hocadan bbg dersini aldım. Hazırlık okuyup bölüme başlamıştım. Hoca öncelikli olarak bence oldukça öğrenci dostu, sohbet ederken vs. çekinmemi gerektirecek bir durum olmadı. Derslerde de bizi genelde konuşturmaya çalışıyordu. Puanlama konusunda da gerektiği gibi davrandığını düşünüyorum, kıt kanaat vermiyor ama yaptığına puan alıyorsun gibi. Sadece bazı derslerde temposunu daha iyi ayarlaması lazım bence, bazı slaytları vs. fazla hızlı anlattı ve bence çok slayt üzerinden gitmesi de hocanın bizim nerelerde takılacağımızı vs. tahmin etmesini zorlaştırıyor. Zaten önümüzde kaynak var gibi düşünüyor olabilir ama bir şeyi ne kadar en başından ve tane tane anlatırsa bence o kadar iyi. Dersin en beğendiğim yanları ise bize algoritmalar hakkında vs. olsun sıkça soru sorup ve birlikte tahtaya yazarak düşünmemizi sağlaması ve ileriye dönük konular hakkında birkaç kavram/konuyu çaktırmadan çıtlatması olmuştur. "
05.03.2025 11:36:20,Prof. Dr. M. Elif Karslıgil,sivrisineksaz,"Çok fazla söze gerek yok --> ekşi + ytuce>personel>emeğigeçenler 
"
22.03.2025 21:52:21,Prof. Dr. M. Fatih Amasyalı,nick,Verdiği ödev dosyaları okunarak anlaşılmaz .
26.11.2025 11:11:40,Arş. Grv. Meliha Gizem ÇELİK,terim,iyi
15.12.2025 12:12:55,Dr. Ziya Cihan Tayşi,anon,süper
04.01.2026 23:12:45,Dr. Ziya Cihan Tayşi,yok,Almayın dersini mersini. Dersin adına dersin içeriğine ders seçmeden önce bakıp almayın kardeşim. Ne verdiği ödev projelerde açıklayıcıdır ne de örnekçidir.
04.01.2026 23:15:51,Dr. Ziya Cihan Tayşi,ansi99,"Hoca o kadar kötü ki yorum yapmayacam, onun yerine mercimek çorbası tarifi vericem.

Malzemeler
-2 su bardağı kırmızı mercimek
-1 adet soğan
-2 yemek kaşığı un
-1 adet havuç
-Yarım yemek kaşığı biber ya da  domates salçası (rengi kırmızı olsun isterseniz artırabilir ya da hiç kullanmayabilirsiniz)
-1 tatlı kaşığı tuz
-Yarım çay kaşığı karabiber
-1 çay kaşığı kimyon (isteğe bağlı)
-2 litre sıcak su
-5 yemek kaşığı sıvı yağ

Sosu için:

2 yemek kaşığı tereyağı
1 tatlı kaşığı kırmızı toz biber

Nasıl Yapılır?

-Kırmızı mercimek çorbası için sıvı yağı tencereye alınarak yemeklik doğranan soğanlar hafif pembeleşinceye kadar kavrulur.
-Daha sonra un ilave edilerek kısık ateşte kavurmaya devam edilir.
-Salça kullanılacak ise salça ilave edilir, kavrulduktan sonra küp küp doğranmış havuç ve iyice yıkanıp suyu süzülen mercimekler ilave edilir.
-Üzerine su eklenerek karıştırılır ve tencerenin kapağı kapatılır. Çorbamız kaynayana kadar orta ateşte, kaynadıktan sonra mercimekler ve havuçlar yumuşayana kadar ara ara karıştırılarak kısık ateşte pişirilir.
-Çorba piştikten sonra el blenderı ile güzelce ezilir. Eğer blenderiniz yoksa süzgeçten de geçirebilirsiniz.
-Karabiber, tuz ve isteğe bağlı olarak kimyon eklenir ve karıştırılır. 5 dakika daha pişirilerek ocaktan alınır.
-Kıvamı koyu gelirse size, bir miktar su ilave edilerek bir taşım kaynatılır.
-Bu arada küçük bir tavaya iki yemek kaşığı tereyağı alınır, kızdırılır ve bir tatlı kaşığı kırmızı toz biber eklenerek ocaktan alınır.
-Mercimek çorbası servis kasesine alındıktan sonra üzerine kırmızı biberli sos gezdirilir ve bir dilim limon ile servis edilir.

Mercimek çorbası tarifimi deneyeceklere şimdiden afiyet olsun.
"
06.01.2026 14:31:20,Dr. Ziya Cihan Tayşi,-,Uzak durun
07.01.2026 10:13:25,Dr. Ziya Cihan Tayşi,talon,"Derslerde öğrenciye karşı saygılı bir tutum yok ve alaycı davranışlar sıkça görülüyor.
Derste çalışan öğrenciler bile gereksiz şekilde zor durumda bırakılabiliyor.
Verilen projeler yeterince açıklanmıyor, beklentiler net olmadığı için öğrenciler mağdur oluyor. Dersin büyük bir kısmı verimsiz geçiyor, konu anlatımı yetersiz kalıyor.
Zaman yönetimi zayıf olduğu için ders süresi etkili kullanılmıyor.
Öğrenci-öğretmen iletişimi sağlıklı değil ve bu da öğrenme motivasyonunu ciddi şekilde düşürüyor. Kendisinin dersini almayı düşünenlerin bu durumu göz önünde bulundurması faydalı olur. Sonra ağlamayın orada şurada... Verdiği derslerin ismine ve dersin içerik konulara hayran kalıyorsanız dahi almayın. "
07.01.2026 10:25:48,Dr. Ahmet Elbir,büyük adam,"Kraldır, bölümün isviçre çakısı gibidir. Bölümde o kadar zorluğa sıkıntılara rağmen öğrencilere birşeyler katmak için çabalar. Mesela derste; derse ek katkı sağlayacak kaynaklar vs sağlar. Diğer bazı ünvanlarında birden fazla kısaltma olan ve sadece spesifik bir kaç şeyi anlatabilme yeteneği olan (5vakit sort search algoritma anlatan vb ) hocalara karşın, kendisi her yönden her dersi anlatabilecek kapasitede (web, nyp, yapayzeka, c, algoritmalar, görüntü işleme .. ) ve her yönden öğrencilere destek olmakta. Bu kral olmasa belki öğrenciler bölümü bırakır. Bölümün bir ışığı olarak görmekteyiz. Emekleri için teşekkür ederiz. "
15.01.2026 00:05:54,Dr. H. İrem Türkmen,küçük iskender,"Dersi eğlenceli anlatıyor, öğrenciye sıcak davranıyor. Biraz kısık sesle anlatıyor ön sıralarda oturmak lazım."
16.01.2026 15:12:58,Doç. Dr. M. Amaç Güvensan,Hakiki,Hocayı çok övülüyor diye sabah bekleyerek seçtim ama açıkcası beklediğimi pek bulamadım. Dersler biraz havada işlendi bazı kavramlar gökten indi gibi geldi. Konu hakkında çok bilgili olduğu zaten açık ama bizim döneme mi özel biraz havada geçti gibi geldi dersler.
17.01.2026 13:05:37,Prof. Dr. Nizamettin Aydın,nick,iyi
21.01.2026 02:46:28,Dr. Yunus Emre Selçuk,artvandelay,"Cana yakın, sıcakkanlı, enerjik ve nazik bir hoca. Soru sorarsanız size aşağılamadan yanıt verir ve yardımcı olmaya çalışır. Bilgili bir hoca. İngilizcesi yeterli"
22.01.2026 20:19:19,Dr. Ziya Cihan Tayşi,Mağdur,"Çok ilginç bir ders anlatma şekli var. Her yeni konuda 20 dakika boyunca öğrencilere soru soruyor. Daha konu işlenmediği için verilen yanlış cevaplarla dalga geçiyor. 20 dakikanın ardından cevapların hangi kısımları doğru hangi kısımları yanlış diye anlamaya çalışırken kısa ve yetersiz bir şekilde konuyu açıklıyor ve hızlıca sonraki konuya geçiyor, bazen hiç açıklamadan geçiyor. İnteraktif ders anlatımı yapmaya çalışıyor sanırım ama ders anlatımı kısmı eksik.

Dersin %70'ini bu şekilde ""anlatıyor"" kalan kısmını da evde okuyun diyip size bırakıyor. Bir de dersin sonunda tek tek isim okuyacak kadar yoklamayı ciddiye alıyor, diğer hocaların derslerine de giremiyorsunuz. 

Ders seçiminde erken uyanıp başka hoca seçseniz bile sınavları saçma bir şekilde zorlayıp sizi bir şekilde etkiliyor (2026 Vaka-i İşletim Sistemi).

Ders dışında soru sormaya çalıştığınızda soru mantıklı olsa bile sizi aşağılayıp cevaplamadan gönderiyor.

Varlığı ile bölümün kalitesini yarıya düşüren bir hoca."
23.01.2026 23:30:23,Dr. Ziya Cihan Tayşi,kafası bozulmuş mağdur öğrenci,"Bu adama 2 dk dayanamıyorum, sabrım tükeniyor.."
23.01.2026 23:36:00,Dr. Ziya Cihan Tayşi,işletmeme sistemi,yakında bu kişiden dolayı öğrenciler okul uzatır bir yere not alınız
23.01.2026 23:44:08,Doç. Dr. M. Amaç Güvensan,sort sort sort sortt,"Millet uzayı çıkıyor, AI'ler gelişiyor adam sabah akşam sort. Başka bişi yok malesef, bölüm 4-5 tane C dersi var biraz daha artmalı çok az. Web - mobil programlama vs ne gerek var dimi böyle dersleri alıp napacağız ? Ama sonra ödevler web UI isterler CDTP de mobil isterler. Sort yazmaya devam knk. "
24.01.2026 12:46:03,Dr. Ziya Cihan Tayşi,sarisin,"dersini almayın, hayatımın en büyük hatasıydı"
25.01.2026 11:38:53,Dr. Ziya Cihan Tayşi,Zct hateri,Bu hoca kadar kötü niyetli birisi yok. Belki dersi anlatiyordur ama sadece öğrencinin kötülügüne hareket eden birisi dersde azicik sesi cikar en ondeki adam bile duyamaz. Ogrenciyi aşagılar. İsmini gordugunuz yerde yolunuzu degistirin
25.01.2026 11:41:04,Dr. Ziya Cihan Tayşi,Don Harbore,Dönemi berbat eden ve ders anlatmayı bilmeyen berbat bir öğretim görevlisi.
25.01.2026 11:41:50,Dr. Ziya Cihan Tayşi,Zigot,"Evrenin gördüğü en kötü hoca, çok muhatap olmamak lazım. "
25.01.2026 14:03:52,Arş. Grv. İdris DEMİR,Jagftype,"Öğrencileri pek sevmiyor sanırım, hiç güler yüzlü ya da anlayışlı değil."
25.01.2026 15:07:08,Dr. Ziya Cihan Tayşi,yildiz zart zurt uni,"amaçsız, varlığı gereksiz bir adam. son 3 senenin bilgilerini birleştiren bir dersi bu kadar iplememezlikle işleyebilirsin ancak. derste ağzında mırıldanır konuyu anlatırken, ama öğrenciye laf sokacağı zaman gür ve net şekilde konuşmasını bilir. bu kadar mı düştü yıldız teknik, başka hiç kimseyi mi bulamadınız ders vermek için? OS derinde diğer yarısı elbir, o da senelerdir banu diri altında yediği baskı yüzünden hayattan nefret ettiği için sınav tipi klasik değişmez çoktan çoktan çok seçmeli. ziya hocanın en iyi yanı o kadar kötü ki insan keşke elbirden dersi alsaydım diyor kendisine. 10/10, ders seçiminde bu adamı seçerken keşke elim kırılsaydı."
25.01.2026 15:10:34,Doç. Dr. M. Amaç Güvensan,Shaw,Öğreticidir. Biraz ciddidir ama yeri gelince yumuşatmayı bilir. Kağıt okurken titiz olduğunu düşünüyorum. Gayet iyi bir hocadır. 
25.01.2026 15:11:07,Prof. Dr. M. Fatih Amasyalı,Muhittin Arda,ADAM ADAAAAM
25.01.2026 15:42:41,Dr. Furkan Çakmak,yıpranmış bebek mavisi,"yani. bilgili olduğu derslerde iyi anlatıyor. geçen sene nyp'deki iyi tecrübeme dayanarak bu sene mikro almayı tercih ettim. assembly'ye hakim bir hoca. anlatmasını biliyor, öğrencilere nasıl davranması gerektiğini biliyor (not al ziya), ancak mikroişlemci hakkında çok bir şey bildiğini düşünmüyorum. biliyordur bilmesine, sonuç olarak bir insan kendi kendine çalışsa bir noktada başkalarına anlatabilecek kabiliyete sahip olabiliyor, ancak ya ilgisi çok yok diye umursamıyor ya da gerçekten son dakika hazırlanıp ezbere ilerliyor. bir günün 24 saat olmadığını arka arkaya üçüncü hafta sabah 9'daki derste 20 dakika boyunca anlatınca insanın sabrı biraz sınanıyor. dersi dolduracak bilgin yoksa dersin başlangıç saatini ertele ya da erken bitir. üç grup içinde en düşük notlara sahip hoca, böyle bir dersin sınavlarını ""yetişmiyor"" bahanesiyle test yapıyor, yoklamayı takmayacak olsaydı asm kısmını FÇ, mikro kısmını EU'dan dinleyin derdim."
25.01.2026 15:46:10,Dr. M. Utku Kalay,bu adam birisi mi,"konuşmaya çok hakim birisi değil. bir şey anlatıyor mu belirsiz. yanına git soru sor cevabı zor duyuyorsun, bi de elemana amfide ders vermişler. en azından yoklama almıyor, gitmeye gerek yok."
25.01.2026 15:50:29,Arş. Grv. İdris DEMİR,chatgpt kullanma diye 0.7 sn var,bu zor devirde çet'e karşı direnmeye çalışan ancak insanın kabiliyetlerini çok yanlış yorumlayan bir insan. tuhaf bir şekilde 3. sınıflar harici herkese karşı iyi davranan birisiymiş. değişik. 
25.01.2026 16:34:31,Dr. Ayşe Öcal,DD,"Yoklamaya takılmaz. Öğrenci dostudur, mağdur etmez. "
25.01.2026 16:38:11,Dr. Göksel Biricik,DD,"Dersleri eğlenceli ve interaktif anlattığını düşünüyorum. Gerçekten bu işi severek yapıyor, güler yüzlü ve samimidir. Sınavlarda notlandırması biraz düşük olabilir. Labları, sınavları vs aksatmadığınız sürece sırf teorik derse katılmadınız diye devamsızlıktan bırakmaz. Çok iyi hocadır. "
25.01.2026 19:09:02,Dr. Yunus Emre Selçuk,Cocojambo,"Bayağı iyi bir hoca, derslerine gitmezseniz devamsızlıktan bırakır ama sınavlarda harf notlarını çok yüksek tutmaz, bu yüzden yüksek harf notu için seçilir. Bir de başka hocalar kadar kaba değil, bayağı sakin birisi."
25.01.2026 20:07:50,Dr. Ziya Cihan Tayşi,Nmk,Ne yaparsanız yapın ama dersi bu adamdan almayın. Zaten zor bi ders bu adamla iyice çekilmez hale geliyor
25.01.2026 20:09:10,Dr. Ziya Cihan Tayşi,MK,"ne anlatabiliyor ne de adil not veriyor. İnsanlık desen yok, resmen bünyeye zarar"
25.01.2026 21:00:02,Dr. M. Utku Kalay,Dlymn,Rezil bir hoca sınav esnasında soru sormanızı tavsiye etmem ders seçimlerinde ismini görürseniz kaçının kesinlikle
01.02.2026 12:14:59,Dr. Ziya Cihan Tayşi,DERS ALMAYIN DERS ALMAYIN DERS ALMAYIN ,DERS ALMAYIN DERS ALMAYIN DERS ALMAYIN DERS ALMAYIN DERS ALMAYIN DERS ALMAYIN DERS ALMAYIN DERS ALMAYIN DERS ALMAYIN DERS ALMAYIN DERS ALMAYIN DERS ALMAYIN DERS ALMAYIN DERS ALMAYIN DERS ALMAYIN DERS ALMAYIN DERS ALMAYIN DERS ALMAYIN DERS ALMAYIN DERS ALMAYIN DERS ALMAYIN DERS ALMAYIN DERS ALMAYIN DERS ALMAYIN DERS ALMAYIN DERS ALMAYIN DERS ALMAYIN DERS ALMAYIN DERS ALMAYIN DERS ALMAYIN DERS ALMAYIN DERS ALMAYIN DERS ALMAYIN DERS ALMAYIN DERS ALMAYIN DERS ALMAYIN DERS ALMAYIN DERS ALMAYIN DERS ALMAYIN DERS ALMAYIN DERS ALMAYIN DERS ALMAYIN DERS ALMAYIN DERS ALMAYIN DERS ALMAYIN DERS ALMAYIN DERS ALMAYIN DERS ALMAYIN DERS ALMAYIN DERS ALMAYIN DERS ALMAYIN DERS ALMAYIN DERS ALMAYINDERS ALMAYIN DERS ALMAYIN 
03.02.2026 00:06:17,Dr. Ziya Cihan Tayşi,büyücü,"Sıkıntının ingilizce karşılığı problemdir, bu bölümdeki karşılığı da …  "
03.02.2026 00:07:08,Dr. Ziya Cihan Tayşi,window size,viba alacak yarışmacı arkadaşlara başarılar bi yandan da geçmiş olsun
03.02.2026 00:09:26,Dr. Ziya Cihan Tayşi,tırt,Bir kişinin laptopuna yapıştırdığı sticker sayısından ne ve nasıl biri olduğunu bilirsiniz az çok.. fazla söze gerek yok
09.02.2026 03:45:03,Prof. Dr. M. Elif Karslıgil,Sts ,Milattan önce kalmış müfredatı ve saçma sınavları ile bir daha ders almayacağım biri. Lütfen emekli olsun.
12.02.2026 12:08:07,Dr. Furkan Çakmak,Mahlas,Bölümün en overrated hocasıdır. 
16.02.2026 23:26:36,Dr. Göksel Biricik,yoda,inanilmaz iyi bi insan. dersleri de keyifli. notlandirmasi da guzel. 
06.03.2026 22:37:29,Doç. Dr. M. Amaç Güvensan,tırt,sabah sort akşam sort yarın zort
13.04.2026 19:18:46,Doç. Dr. Mehmet Sıddık Aktaş,msa çıkmış soruyor knk ya,"sürekli çıkmış sorup sorup şimdi dersini aldık diye çıkmış sormaması... ve bazı beyin eksikliği yaşayan tiplerin ""bu adam çıkmış soruyor şıkların yerini bile değiştirmiyor yhaa"" diyip whatsapp gruplarında boş boş konuşması derim. dersleri çıkmış sorulmuyor sorulmuyor sorulmuyor. biz o torpilli mezunlardan olamayacağız boşuna ümitlenmeyin. "
